{"aPhi": [-0.07180637298993763, 0.4585127054437695, 0.1489440730028336, -0.654898129905675, -0.7527455892734998, 0.264698123358847, -0.1294384805124302, -0.3934363613404674, -0.01404796514453949, 0.08503863362892417], "aTheta": [-0.8365648507531492, 1.1703127549571284, -1.4105582295138972, 0.3184818842555462, 0.08159504627059537, -0.5340238522346369, -0.14337581283095946, 0.21823681154427121, -0.08962839459096535, -0.24608743204616054], "aPsi": [0.0, 0.011659469529324375, 0.0041873627395835255, 0.020615143229326574, 0.01113420209751326, -0.01658160124728323, -0.0021239216417772654, 0.06172232194949518, 0.02328261514515682, 0.006072259577335548], "L": 6.362265150146772, "Rtor": 1000, "Rflex": 1000, "Density": 10, "numAnsatzFuns": 10}