
{
    "scenario": "wireHarnessMounting",
    "fixtures": [
        {
            "number" : 1,
            "fixtureType": "large",
            "robotPoseAtFixturePosition": [
                [-0.026381009, 0.999351722, -0.024102597, 0.453529960],
                [0.999331173, 0.025763598, -0.025577380, -0.149159434],
                [-0.024939829, -0.024761234, -0.999382240, 0.361663701],
                [0.000000000, 0.000000000, 0.000000000, 1.000000000]
            ],
            "robotPoseAtReleasePosition":[
                [-0.065706122, 0.995891047, -0.062165502, 0.443192318],
                [0.997733864, 0.066434148, 0.009715387, -0.118883123],
                [0.013805379, -0.061386267, -0.998018568, 0.352522954],
                [0.000000000, 0.000000000, 0.000000000, 1.000000000]
            ] 
        }, 
        {
            "number" : 2,
            "fixtureType": "small",
            "robotPoseAtFixturePosition": [
                [0.926763012, 0.370866191, -0.059576863, 0.435587887],
                [0.369424346, -0.928627032, -0.034033165, -0.023456752],
                [-0.067946436, 0.009531535, -0.997643394, 0.362613813],
                [0.000000000, 0.000000000, 0.000000000, 1.000000000]
            ],
            "robotPoseAtReleasePosition":[
                [0.924281879, 0.381574347, -0.009207306, 0.458059371],
                [0.381589838, -0.924321338, -0.000080223, -0.015241840],
                [-0.008541120, -0.003439265, -0.999957609, 0.358504582],
                [0.000000000, 0.000000000, 0.000000000, 1.000000000]
            ] 
        },  
        {
            "number" : 3,
            "fixtureType": "medium",
            "robotPoseAtFixturePosition": [
                [-0.102550094, 0.994695721, 0.006681931, 0.548403712],
                [0.993766569, 0.102743430, -0.043041572, 0.175612994],
                [-0.043499792, 0.002226363, -0.999050937, 0.347197265],
                [0.000000000, 0.000000000, 0.000000000, 1.000000000]
            ],
            "robotPoseAtReleasePosition":[
                [-0.098976832, 0.995050217, 0.007707183, 0.545491772],
                [0.994170681, 0.099214460, -0.041975341, 0.198340559],
                [-0.042532237, 0.003507669, -0.999088920, 0.343453332],
                [0.000000000, 0.000000000, 0.000000000, 1.000000000]
            ] 
        }, 
        {
            "number" : 4,
            "fixtureType": "large",
            "robotPoseAtFixturePosition": [
                [-0.029473849, 0.999553808, 0.002055058, 0.330743405],
                [0.998532889, 0.029536615, -0.045171280, 0.189356382],
                [-0.045211825, 0.000720671, -0.998977143, 0.362541415],
                [0.000000000, 0.000000000, 0.000000000, 1.000000000]
            ],
            "robotPoseAtReleasePosition":[
                [-0.002075209, 0.999987334, -0.001331220, 0.325483745],
                [0.998820171, 0.002008460, -0.048322086, 0.209855421],
                [-0.048318801, -0.001429928, -0.998830919, 0.355947780],
                [0.000000000, 0.000000000, 0.000000000, 1.000000000]
            ] 
        },
        {
            "number" : 5,
            "fixtureType": "small",
            "robotPoseAtFixturePosition": [
                [0.998808990, 0.026473934, -0.040749365, 0.410058583],
                [0.026113825, -0.999605672, -0.009344408, 0.344059186],
                [-0.040980679, 0.008269157, -0.999125703, 0.358174197],
                [0.000000000, 0.000000000, 0.000000000, 1.000000000]
            ],
            "robotPoseAtReleasePosition":[
                [0.998650762, 0.034518981, -0.038547006, 0.385519664],
                [0.034774175, -0.999367735, 0.005969457, 0.343356270],
                [-0.038316575, -0.007301843, -0.999238957, 0.356184804],
                [0.000000000, 0.000000000, 0.000000000, 1.000000000]
            ] 
        },
        {
            "number" : 6,
            "fixtureType": "medium",
            "robotPoseAtFixturePosition": [
                [0.998829282, -0.046109311, -0.013955161, 0.485042238],
                [-0.046308061, -0.998815629, -0.014270729, 0.420920453],
                [-0.013280619, 0.014900258, -0.999800780, 0.348282067],
                [0.000000000, 0.000000000, 0.000000000, 1.000000000]
            ],
            "robotPoseAtReleasePosition":[
                [0.997804162, -0.065438378, -0.009242400, 0.467461873],
                [-0.065561888, -0.997743975, -0.013760438, 0.421249056],
                [-0.008321088, 0.014336171, -0.999862605, 0.340778101],
                [0.000000000, 0.000000000, 0.000000000, 1.000000000]
            ] 
        }  
    ]
}