{
    "width": 1024,
    "height": 896,
    "qmatrix": [
        [
            1.0,
            0.0,
            0.0,
            -305.72845458984375
        ],
        [
            0.0,
            1.0,
            0.0,
            -514.6569213867188
        ],
        [
            0.0,
            0.0,
            0.0,
            1156.163818359375
        ],
        [
            0.0,
            0.0,
            10.020478248596191,
            -0.0
        ]
    ],
    "cx": 305.72845458984375,
    "cy": 514.6569213867188,
    "fx": 1156.163818359375,
    "fy": 1156.163818359375,
    "Tx": -0.09979563601568557,
    "disparityRangeFactor": 8,
    "disparity2ImgScalingFactor": 0.4981684981684982
}