{"aPhi": [-1.0061887450840623, 5.1326571445095865, -0.3736425066510551, -0.023868824089570424, -0.20042471083047897, -0.024876503728737807, -0.15088853830632315, -0.02438660806705855, -0.13025524089321988, -0.022001711616810866], "aTheta": [-1.291383245659558, 0.060443672814699756, 0.019066657417473747, 0.003754069835708611, 0.009691619773408721, 0.005539681093692734, 0.006751716844436249, 0.007295024418870351, 0.005481322750331054, 0.008146762658201953], "aPsi": [0.0, -7.660349631755828e-05, -0.00030980708510665577, 0.0017658881768857124, 0.000694986716314032, -4.051254973175002e-05, 0.00018083412821955736, 5.092934016424527e-06, 0.00011923058220718709, -1.2262172281332662e-05], "L": 6.593816637921767, "Rtor": 1000, "Rflex": 1000, "Roh": 0, "numAnsatzFuns": 10}