{"aPhi": [-0.15160263174629654, 0.3623468741219456, 0.21839743736418055, -0.4778271321679043, -0.8432264080205611, 0.03626503637496884, 0.014433602940743301, -0.24954395679115743, -0.08226502960361368, 0.05104893877441721], "aTheta": [-0.8126646646097364, 1.2971928662400105, -1.4701522193823247, 0.1147296316150548, 0.26422141478399996, -0.35906024461618036, -0.18869964415177778, 0.10563963006501943, 0.06443304645379402, -0.14272488219909185], "aPsi": [0.0, 0.01610361183394152, 0.003982065575224225, 0.014859307889740096, 0.02791909473492429, -0.020331390088139063, -0.01950509061333279, 0.08134357541385721, 0.04435232573119968, 0.016606589482722044], "L": 6.362265150146772, "Rtor": 1000, "Rflex": 1000, "Roh": 10, "numAnsatzFuns": 10}